type,x_risk_mean,x_risk_var,x_risk_q_low,x_risk_q_high,x_risk_n,x_herd_mean,x_herd_var,x_herd_q_low,x_herd_q_high,x_herd_n,x_profit_mean,x_profit_var,x_profit_q_low,x_profit_q_high,x_profit_n
banks,0.00830047690741556,0.00019105118130320492,0.0003537286252348884,0.02394847608754233,1000,0.007009732168757655,0.00010570989031562559,0.00037334400980565906,0.0181960684000753,1000,0.0811969348655934,0.2852158146089049,-0.5559213944573853,0.6436862065224507,1000
households,0.006536837809155325,3.117812037519151e-05,0.000971785694375808,0.014725606035270608,6,0.008739944645967565,6.710655135209114e-05,0.0011242482348521768,0.021568645028556252,6,,,,,0
insurance_companies,0.01051166672644127,0.0011240342084777,0.0004829617924251626,0.03086415782734828,1000,0.009015847914168042,0.0008270477596651185,0.0004637356418944451,0.02412330624967702,1000,2.8059538271968374,23747.314375597605,-81.40991687787452,99.06600491710302,1000
investment_advisors,0.00825658950352544,0.000360507876191731,0.0003892141924233575,0.022275524120945148,1000,0.0069532062192367815,0.00018781567778518304,0.00035470135611924956,0.01798715098594742,1000,0.21949932431015326,8.48015290385101,-2.3233043536376026,2.6259175361316283,1000
mutual_funds,0.0077350814544120215,0.00013404093383967598,0.0002573033269756382,0.022113286838870035,1000,0.0065930668478965376,8.08918989809834e-05,0.00023361452124159268,0.017442289109429042,1000,0.8233235389950665,25.414545936221643,-5.352125018966105,6.764699353034057,1000
other,0.01035259822455678,0.00017646422022356634,0.0005357617463152506,0.033846748195535785,1000,0.009028027291520463,0.00011559178623996942,0.0005317919847519761,0.0269260414437114,1000,0.39299069653582464,16.561133103224776,-5.175673822884675,5.5312200208068045,1000
pension_funds,0.012297123756157687,0.0006843848570018566,0.0007838766283246066,0.031239135256655823,1000,0.011334926844214643,0.0008209441586731357,0.0007349802611334427,0.02725055630838111,1000,0.0203293427086928,0.9170617661170412,-0.7149019112618439,0.6910715942872467,1000
