type,risk_aversion,herd_behavior,profit_driven
banks,0.39299960700039305,0.302999697000303,0.303999696000304
insurance_companies,0.34999965000035,0.44999955000045005,0.19999980000020004
investment_advisors,0.36999982151187877,0.24999987939991808,0.3799992990886855
mutual_funds,0.194999805000195,0.48499951500048505,0.31999968000032003
other,0.3061222053312372,0.4183670139526908,0.27550976030872076
pension_funds,0.31999968000032003,0.34999965000035,0.32999967000033004
